,book,from,seed,similarity,to
0,Gospel of Buddha,0,god,0.5086302161216736,1
1,Gospel of Buddha,1,god,0.5888564586639404,2
2,Gospel of Buddha,1,god,0.5086302757263184,0
3,Gospel of Buddha,1,god,0.5073664784431458,4
4,Gospel of Buddha,1,god,0.48861128091812134,5
5,Gospel of Buddha,1,god,0.4806448519229889,6
6,Gospel of Buddha,0,god,0.5019030570983887,7
7,Gospel of Buddha,7,god,0.7233978509902954,8
8,Gospel of Buddha,7,god,0.612786054611206,9
9,Gospel of Buddha,7,god,0.5769750475883484,10
10,Gospel of Buddha,7,god,0.5744251608848572,11
11,Gospel of Buddha,7,god,0.5459808707237244,12
12,Gospel of Buddha,0,god,0.47665488719940186,13
13,Gospel of Buddha,13,god,0.5013817548751831,14
14,Gospel of Buddha,13,god,0.4906999170780182,15
15,Gospel of Buddha,13,god,0.48980608582496643,16
16,Gospel of Buddha,13,god,0.47665488719940186,0
17,Gospel of Buddha,13,god,0.46479374170303345,18
18,Gospel of Buddha,0,god,0.46002352237701416,19
19,Gospel of Buddha,19,god,0.5777921676635742,20
20,Gospel of Buddha,19,god,0.548345685005188,21
21,Gospel of Buddha,19,god,0.522964358329773,22
22,Gospel of Buddha,19,god,0.49292150139808655,23
23,Gospel of Buddha,19,god,0.4614529311656952,24
24,Gospel of Buddha,0,god,0.4593963027000427,25
25,Gospel of Buddha,25,god,0.5245069265365601,26
26,Gospel of Buddha,25,god,0.46192067861557007,27
27,Gospel of Buddha,25,god,0.4593963027000427,0
28,Gospel of Buddha,25,god,0.45510023832321167,29
29,Gospel of Buddha,25,god,0.44957631826400757,30
30,Gita,0,god,0.44556349515914917,1
31,Gita,1,god,0.5327861905097961,2
32,Gita,1,god,0.5209202766418457,3
33,Gita,1,god,0.49310189485549927,4
34,Gita,1,god,0.47006985545158386,5
35,Gita,1,god,0.44556349515914917,0
36,Gita,0,god,0.413322776556015,7
37,Gita,7,god,0.6326412558555603,8
38,Gita,7,god,0.6108781099319458,9
39,Gita,7,god,0.5903007984161377,10
40,Gita,7,god,0.5610638856887817,11
41,Gita,7,god,0.5590903759002686,12
42,Gita,0,god,0.3730725347995758,13
43,Gita,13,god,0.561063826084137,7
44,Gita,13,god,0.5437328815460205,15
45,Gita,13,god,0.5009446144104004,16
46,Gita,13,god,0.4769101142883301,17
47,Gita,13,god,0.4742012917995453,18
48,Gita,0,god,0.34617406129837036,19
49,Gita,19,god,0.44183140993118286,20
50,Gita,19,god,0.42982906103134155,21
51,Gita,19,god,0.40561729669570923,11
52,Gita,19,god,0.3879724144935608,23
53,Gita,19,god,0.38109657168388367,24
54,Gita,0,god,0.34159356355667114,25
55,Gita,25,god,0.6068446040153503,26
56,Gita,25,god,0.5288312435150146,27
57,Gita,25,god,0.49520838260650635,28
58,Gita,25,god,0.49503180384635925,29
59,Gita,25,god,0.4806293547153473,30
60,King James Bible,0,god,0.8204253911972046,1
61,King James Bible,1,god,0.8204253911972046,0
62,King James Bible,1,god,0.6296732425689697,3
63,King James Bible,1,god,0.5995562076568604,4
64,King James Bible,1,god,0.5837092399597168,5
65,King James Bible,1,god,0.5292733907699585,6
66,King James Bible,0,god,0.5702905058860779,7
67,King James Bible,7,god,0.5702905058860779,0
68,King James Bible,7,god,0.5364810824394226,9
69,King James Bible,7,god,0.4927217960357666,10
70,King James Bible,7,god,0.46539318561553955,11
71,King James Bible,7,god,0.454632967710495,12
72,King James Bible,0,god,0.5385111570358276,13
73,King James Bible,13,god,0.5480115413665771,9
74,King James Bible,13,god,0.5385111570358276,0
75,King James Bible,13,god,0.5015865564346313,16
76,King James Bible,13,god,0.48530638217926025,17
77,King James Bible,13,god,0.4791879653930664,18
78,King James Bible,0,god,0.5160770416259766,19
79,King James Bible,19,god,0.7516965270042419,11
80,King James Bible,19,god,0.6418918967247009,21
81,King James Bible,19,god,0.6345460414886475,22
82,King James Bible,19,god,0.5772547721862793,23
83,King James Bible,19,god,0.5225524306297302,24
84,King James Bible,0,god,0.5126218795776367,25
85,King James Bible,25,god,0.5126218795776367,0
86,King James Bible,25,god,0.43710458278656006,27
87,King James Bible,25,god,0.4365467429161072,7
88,King James Bible,25,god,0.4364587962627411,29
89,King James Bible,25,god,0.43064093589782715,30
90,Quran,0,god,0.6127049922943115,1
91,Quran,1,god,0.743130087852478,2
92,Quran,1,god,0.6127049922943115,0
93,Quran,1,god,0.5995544195175171,4
94,Quran,1,god,0.5891109704971313,5
95,Quran,1,god,0.528172492980957,6
96,Quran,0,god,0.5229909420013428,7
97,Quran,7,god,0.6970276832580566,8
98,Quran,7,god,0.6177157759666443,9
99,Quran,7,god,0.5229909420013428,0
100,Quran,7,god,0.4541401267051697,1
101,Quran,7,god,0.4418873190879822,12
102,Quran,0,god,0.5023561120033264,13
103,Quran,13,god,0.9191125631332397,5
104,Quran,13,god,0.5995544195175171,1
105,Quran,13,god,0.5033859014511108,16
106,Quran,13,god,0.5023561716079712,0
107,Quran,13,god,0.4801084101200104,18
108,Quran,0,god,0.49823614954948425,19
109,Quran,19,god,0.6455729007720947,20
110,Quran,19,god,0.6363440155982971,21
111,Quran,19,god,0.6197296977043152,22
112,Quran,19,god,0.5948302745819092,23
113,Quran,19,god,0.5643211007118225,6
114,Quran,0,god,0.4710938334465027,25
115,Quran,25,god,0.5294675827026367,26
116,Quran,25,god,0.4878033399581909,27
117,Quran,25,god,0.4710938334465027,0
118,Quran,25,god,0.43678537011146545,29
119,Quran,25,god,0.43328195810317993,30
120,Mahabharata,0,god,0.5422495603561401,1
121,Mahabharata,1,god,0.5422495603561401,0
122,Mahabharata,1,god,0.4823392629623413,3
123,Mahabharata,1,god,0.4683223366737366,4
124,Mahabharata,1,god,0.4599725604057312,5
125,Mahabharata,1,god,0.45815056562423706,6
126,Mahabharata,0,god,0.5343834161758423,7
127,Mahabharata,7,god,0.5343834161758423,0
128,Mahabharata,7,god,0.4917789697647095,9
129,Mahabharata,7,god,0.4872439503669739,10
130,Mahabharata,7,god,0.48341870307922363,11
131,Mahabharata,7,god,0.46739524602890015,12
132,Mahabharata,0,god,0.5080209970474243,13
133,Mahabharata,13,god,0.5080210566520691,0
134,Mahabharata,13,god,0.5024131536483765,15
135,Mahabharata,13,god,0.49177902936935425,7
136,Mahabharata,13,god,0.4685094952583313,17
137,Mahabharata,13,god,0.4312516450881958,18
138,Mahabharata,0,god,0.495259553194046,19
139,Mahabharata,19,god,0.49525946378707886,0
140,Mahabharata,19,god,0.44190269708633423,21
141,Mahabharata,19,god,0.43554627895355225,22
142,Mahabharata,19,god,0.4341159462928772,23
143,Mahabharata,19,god,0.43407493829727173,24
144,Mahabharata,0,god,0.4893670082092285,25
145,Mahabharata,25,god,0.5434353351593018,26
146,Mahabharata,25,god,0.5016713738441467,27
147,Mahabharata,25,god,0.49316349625587463,28
148,Mahabharata,25,god,0.4893670082092285,0
149,Mahabharata,25,god,0.47695034742355347,17
150,Meditation,0,god,0.4285571277141571,1
151,Meditation,1,god,0.4891583323478699,2
152,Meditation,1,god,0.46693140268325806,3
153,Meditation,1,god,0.4417145252227783,4
154,Meditation,1,god,0.4285570979118347,0
155,Meditation,1,god,0.4268728196620941,6
156,Meditation,0,god,0.3662121295928955,7
157,Meditation,7,god,0.4403228163719177,8
158,Meditation,7,god,0.42598414421081543,9
159,Meditation,7,god,0.41585636138916016,10
160,Meditation,7,god,0.4091051518917084,11
161,Meditation,7,god,0.40076398849487305,12
162,Meditation,0,god,0.36055535078048706,13
163,Meditation,13,god,0.5206121206283569,14
164,Meditation,13,god,0.48915836215019226,1
165,Meditation,13,god,0.45812949538230896,16
166,Meditation,13,god,0.4561537206172943,17
167,Meditation,13,god,0.43260854482650757,18
168,Meditation,0,god,0.3539043068885803,19
169,Meditation,19,god,0.45435959100723267,4
170,Meditation,19,god,0.44066092371940613,21
171,Meditation,19,god,0.42622846364974976,22
172,Meditation,19,god,0.41658923029899597,23
173,Meditation,19,god,0.41049444675445557,24
174,Meditation,0,god,0.3510112762451172,25
175,Meditation,25,god,0.5110077857971191,26
176,Meditation,25,god,0.4753651022911072,27
177,Meditation,25,god,0.4683876633644104,28
178,Meditation,25,god,0.4437427520751953,29
179,Meditation,25,god,0.41105496883392334,30
180,Gospel of Buddha,0,love,0.4147467017173767,1
181,Gospel of Buddha,1,love,0.6086798310279846,2
182,Gospel of Buddha,1,love,0.5627492070198059,3
183,Gospel of Buddha,1,love,0.5340006947517395,4
184,Gospel of Buddha,1,love,0.4987016022205353,5
185,Gospel of Buddha,1,love,0.48220375180244446,6
186,Gospel of Buddha,0,love,0.39433354139328003,7
187,Gospel of Buddha,7,love,0.4680113196372986,8
188,Gospel of Buddha,7,love,0.40754491090774536,9
189,Gospel of Buddha,7,love,0.3943335711956024,0
190,Gospel of Buddha,7,love,0.39341866970062256,11
191,Gospel of Buddha,7,love,0.38670557737350464,12
192,Gospel of Buddha,0,love,0.3812696635723114,13
193,Gospel of Buddha,13,love,0.4728636145591736,14
194,Gospel of Buddha,13,love,0.44809284806251526,15
195,Gospel of Buddha,13,love,0.44607803225517273,16
196,Gospel of Buddha,13,love,0.42060840129852295,17
197,Gospel of Buddha,13,love,0.4071090817451477,18
198,Gospel of Buddha,0,love,0.3787287473678589,19
199,Gospel of Buddha,19,love,0.6487892270088196,20
200,Gospel of Buddha,19,love,0.5735507011413574,21
201,Gospel of Buddha,19,love,0.5241023302078247,22
202,Gospel of Buddha,19,love,0.48609185218811035,23
203,Gospel of Buddha,19,love,0.48420143127441406,24
204,Gospel of Buddha,0,love,0.3769333064556122,25
205,Gospel of Buddha,25,love,0.5359156727790833,26
206,Gospel of Buddha,25,love,0.4632686972618103,27
207,Gospel of Buddha,25,love,0.4455597996711731,28
208,Gospel of Buddha,25,love,0.4177511930465698,29
209,Gospel of Buddha,25,love,0.4169529378414154,30
210,Gita,0,love,0.36702361702919006,1
211,Gita,1,love,0.47221407294273376,2
212,Gita,1,love,0.46052566170692444,3
213,Gita,1,love,0.4438370168209076,4
214,Gita,1,love,0.4399296045303345,5
215,Gita,1,love,0.42731329798698425,6
216,Gita,0,love,0.3516124188899994,7
217,Gita,7,love,0.5239298939704895,8
218,Gita,7,love,0.5172914862632751,9
219,Gita,7,love,0.5097865462303162,10
220,Gita,7,love,0.491530179977417,11
221,Gita,7,love,0.46588510274887085,12
222,Gita,0,love,0.34817948937416077,13
223,Gita,13,love,0.5918627977371216,14
224,Gita,13,love,0.5366464853286743,15
225,Gita,13,love,0.5161756277084351,16
226,Gita,13,love,0.5150505304336548,17
227,Gita,13,love,0.5149484872817993,18
228,Gita,0,love,0.3380809426307678,19
229,Gita,19,love,0.6678754091262817,14
230,Gita,19,love,0.5359152555465698,21
231,Gita,19,love,0.5256403684616089,22
232,Gita,19,love,0.519450306892395,23
233,Gita,19,love,0.48394161462783813,24
234,Gita,0,love,0.33334219455718994,25
235,Gita,25,love,0.5218604207038879,26
236,Gita,25,love,0.44692540168762207,27
237,Gita,25,love,0.4374317526817322,28
238,Gita,25,love,0.4195137321949005,29
239,Gita,25,love,0.4177929162979126,30
240,King James Bible,0,love,0.4750880002975464,1
241,King James Bible,1,love,0.4964710772037506,2
242,King James Bible,1,love,0.475087970495224,0
243,King James Bible,1,love,0.4665657877922058,4
244,King James Bible,1,love,0.46553274989128113,5
245,King James Bible,1,love,0.4599444270133972,6
246,King James Bible,0,love,0.46744823455810547,7
247,King James Bible,7,love,0.519750714302063,8
248,King James Bible,7,love,0.46744823455810547,0
249,King James Bible,7,love,0.46082445979118347,10
250,King James Bible,7,love,0.4347758889198303,11
251,King James Bible,7,love,0.4295123815536499,12
252,King James Bible,0,love,0.4461018741130829,13
253,King James Bible,13,love,0.6819843649864197,14
254,King James Bible,13,love,0.6447994709014893,15
255,King James Bible,13,love,0.5645227432250977,16
256,King James Bible,13,love,0.5331374406814575,17
257,King James Bible,13,love,0.519955575466156,18
258,King James Bible,0,love,0.44069355726242065,19
259,King James Bible,19,love,0.4419194757938385,20
260,King James Bible,19,love,0.44069355726242065,0
261,King James Bible,19,love,0.42427384853363037,22
262,King James Bible,19,love,0.4238477349281311,15
263,King James Bible,19,love,0.4208708703517914,24
264,King James Bible,0,love,0.4368027150630951,25
265,King James Bible,25,love,0.5269049406051636,26
266,King James Bible,25,love,0.500196099281311,27
267,King James Bible,25,love,0.47763293981552124,28
268,King James Bible,25,love,0.4526631236076355,29
269,King James Bible,25,love,0.44878190755844116,30
270,Quran,0,love,0.4536269009113312,1
271,Quran,1,love,0.47878265380859375,2
272,Quran,1,love,0.4536269009113312,0
273,Quran,1,love,0.4480186104774475,4
274,Quran,1,love,0.42862439155578613,5
275,Quran,1,love,0.4071451723575592,6
276,Quran,0,love,0.41422969102859497,7
277,Quran,7,love,0.48679879307746887,8
278,Quran,7,love,0.45541614294052124,9
279,Quran,7,love,0.4293960630893707,10
280,Quran,7,love,0.4290196895599365,11
281,Quran,7,love,0.4216308295726776,12
282,Quran,0,love,0.40706557035446167,13
283,Quran,13,love,0.46671897172927856,14
284,Quran,13,love,0.44600462913513184,15
285,Quran,13,love,0.4426714777946472,16
286,Quran,13,love,0.42273253202438354,17
287,Quran,13,love,0.4214813709259033,18
288,Quran,0,love,0.4021374583244324,19
289,Quran,19,love,0.45799726247787476,20
290,Quran,19,love,0.42565250396728516,21
291,Quran,19,love,0.42296847701072693,22
292,Quran,19,love,0.41998663544654846,23
293,Quran,19,love,0.4165515899658203,24
294,Quran,0,love,0.40131622552871704,25
295,Quran,25,love,0.46632373332977295,26
296,Quran,25,love,0.43541431427001953,27
297,Quran,25,love,0.4288517236709595,28
298,Quran,25,love,0.42371422052383423,29
299,Quran,25,love,0.417824923992157,30
300,Mahabharata,0,love,0.48106980323791504,1
301,Mahabharata,1,love,0.48106980323791504,0
302,Mahabharata,1,love,0.45358699560165405,3
303,Mahabharata,1,love,0.4488586187362671,4
304,Mahabharata,1,love,0.4314112961292267,5
305,Mahabharata,1,love,0.4312156140804291,6
306,Mahabharata,0,love,0.401451051235199,7
307,Mahabharata,7,love,0.5343903303146362,8
308,Mahabharata,7,love,0.478496789932251,9
309,Mahabharata,7,love,0.45161300897598267,10
310,Mahabharata,7,love,0.4387757182121277,11
311,Mahabharata,7,love,0.4317135810852051,12
312,Mahabharata,0,love,0.39935302734375,13
313,Mahabharata,13,love,0.500864565372467,14
314,Mahabharata,13,love,0.46735531091690063,15
315,Mahabharata,13,love,0.4436916708946228,16
316,Mahabharata,13,love,0.41084185242652893,17
317,Mahabharata,13,love,0.4049988389015198,18
318,Mahabharata,0,love,0.3971952497959137,19
319,Mahabharata,19,love,0.5062469244003296,20
320,Mahabharata,19,love,0.45800912380218506,21
321,Mahabharata,19,love,0.4403347671031952,22
322,Mahabharata,19,love,0.42291003465652466,23
323,Mahabharata,19,love,0.42081087827682495,24
324,Mahabharata,0,love,0.3933066129684448,25
325,Mahabharata,25,love,0.5931781530380249,26
326,Mahabharata,25,love,0.5848181843757629,27
327,Mahabharata,25,love,0.5268566608428955,28
328,Mahabharata,25,love,0.4709777534008026,29
329,Mahabharata,25,love,0.4609038829803467,30
330,Meditation,0,love,0.37715721130371094,1
331,Meditation,1,love,0.4595741033554077,2
332,Meditation,1,love,0.43198245763778687,3
333,Meditation,1,love,0.42556002736091614,4
334,Meditation,1,love,0.42357826232910156,5
335,Meditation,1,love,0.4102821946144104,6
336,Meditation,0,love,0.34864217042922974,7
337,Meditation,7,love,0.3679584562778473,8
338,Meditation,7,love,0.36467570066452026,9
339,Meditation,7,love,0.34864217042922974,0
340,Meditation,7,love,0.3473391830921173,11
341,Meditation,7,love,0.3465556204319,12
342,Meditation,0,love,0.34784597158432007,13
343,Meditation,13,love,0.4601011276245117,14
344,Meditation,13,love,0.44192200899124146,15
345,Meditation,13,love,0.4265616536140442,16
346,Meditation,13,love,0.41367074847221375,17
347,Meditation,13,love,0.4123755693435669,18
348,Meditation,0,love,0.34581923484802246,19
349,Meditation,19,love,0.452536940574646,20
350,Meditation,19,love,0.44884079694747925,21
351,Meditation,19,love,0.4304189383983612,22
352,Meditation,19,love,0.4153392016887665,23
353,Meditation,19,love,0.40587449073791504,24
354,Meditation,0,love,0.34132134914398193,25
355,Meditation,25,love,0.542378842830658,26
356,Meditation,25,love,0.49592748284339905,27
357,Meditation,25,love,0.4626350998878479,28
358,Meditation,25,love,0.4591279923915863,29
359,Meditation,25,love,0.4209645092487335,30
360,Gospel of Buddha,0,faith,0.3953644633293152,1
361,Gospel of Buddha,1,faith,0.5565393567085266,2
362,Gospel of Buddha,1,faith,0.5287556648254395,3
363,Gospel of Buddha,1,faith,0.5261788964271545,4
364,Gospel of Buddha,1,faith,0.5143437385559082,5
365,Gospel of Buddha,1,faith,0.5001403093338013,6
366,Gospel of Buddha,0,faith,0.3851483166217804,7
367,Gospel of Buddha,7,faith,0.43123918771743774,1
368,Gospel of Buddha,7,faith,0.4112222194671631,9
369,Gospel of Buddha,7,faith,0.39992618560791016,10
370,Gospel of Buddha,7,faith,0.38662126660346985,11
371,Gospel of Buddha,7,faith,0.3851483166217804,0
372,Gospel of Buddha,0,faith,0.381725549697876,13
373,Gospel of Buddha,13,faith,0.559742271900177,14
374,Gospel of Buddha,13,faith,0.5122753381729126,15
375,Gospel of Buddha,13,faith,0.48476988077163696,16
376,Gospel of Buddha,13,faith,0.47533518075942993,17
377,Gospel of Buddha,13,faith,0.4561479687690735,18
378,Gospel of Buddha,0,faith,0.3686296045780182,19
379,Gospel of Buddha,19,faith,0.47096771001815796,20
380,Gospel of Buddha,19,faith,0.457622766494751,21
381,Gospel of Buddha,19,faith,0.4512116014957428,22
382,Gospel of Buddha,19,faith,0.4501371383666992,23
383,Gospel of Buddha,19,faith,0.4241086542606354,24
384,Gospel of Buddha,0,faith,0.3681420683860779,25
385,Gospel of Buddha,25,faith,0.5510382056236267,26
386,Gospel of Buddha,25,faith,0.5426720380783081,27
387,Gospel of Buddha,25,faith,0.5339531898498535,28
388,Gospel of Buddha,25,faith,0.5140292048454285,29
389,Gospel of Buddha,25,faith,0.502306342124939,30
390,Gita,0,faith,0.3399142920970917,1
391,Gita,1,faith,0.5153030157089233,2
392,Gita,1,faith,0.5149484872817993,3
393,Gita,1,faith,0.493269145488739,4
394,Gita,1,faith,0.4885215759277344,5
395,Gita,1,faith,0.4507672190666199,6
396,Gita,0,faith,0.334720641374588,7
397,Gita,7,faith,0.6073702573776245,8
398,Gita,7,faith,0.4992619752883911,9
399,Gita,7,faith,0.4700080156326294,10
400,Gita,7,faith,0.45261502265930176,11
401,Gita,7,faith,0.44866079092025757,12
402,Gita,0,faith,0.31395450234413147,13
403,Gita,13,faith,0.47850632667541504,14
404,Gita,13,faith,0.4298725426197052,15
405,Gita,13,faith,0.42460396885871887,16
406,Gita,13,faith,0.42048582434654236,17
407,Gita,13,faith,0.391352117061615,18
408,Gita,0,faith,0.30985090136528015,19
409,Gita,19,faith,0.5252397060394287,20
410,Gita,19,faith,0.49147236347198486,21
411,Gita,19,faith,0.4600253403186798,22
412,Gita,19,faith,0.4514688551425934,23
413,Gita,19,faith,0.4475020468235016,24
414,Gita,0,faith,0.3044772744178772,25
415,Gita,25,faith,0.5396987199783325,26
416,Gita,25,faith,0.45949575304985046,27
417,Gita,25,faith,0.4252051115036011,10
418,Gita,25,faith,0.40364640951156616,29
419,Gita,25,faith,0.39751312136650085,30
420,King James Bible,0,faith,0.5772547721862793,1
421,King James Bible,1,faith,0.7516965270042419,2
422,King James Bible,1,faith,0.6418918967247009,3
423,King James Bible,1,faith,0.6345460414886475,4
424,King James Bible,1,faith,0.5772547721862793,0
425,King James Bible,1,faith,0.5225524306297302,6
426,King James Bible,0,faith,0.5643856525421143,7
427,King James Bible,7,faith,0.564385712146759,0
428,King James Bible,7,faith,0.48530641198158264,9
429,King James Bible,7,faith,0.4784030616283417,1
430,King James Bible,7,faith,0.477632999420166,11
431,King James Bible,7,faith,0.45369473099708557,12
432,King James Bible,0,faith,0.5269049406051636,13
433,King James Bible,13,faith,0.5269049406051636,0
434,King James Bible,13,faith,0.500196099281311,15
435,King James Bible,13,faith,0.47763293981552124,7
436,King James Bible,13,faith,0.4526631236076355,17
437,King James Bible,13,faith,0.44878190755844116,18
438,King James Bible,0,faith,0.5246993899345398,19
439,King James Bible,19,faith,0.7516964077949524,1
440,King James Bible,19,faith,0.6328209042549133,21
441,King James Bible,19,faith,0.5690761804580688,22
442,King James Bible,19,faith,0.556158721446991,23
443,King James Bible,19,faith,0.5416665077209473,24
444,King James Bible,0,faith,0.5089377164840698,25
445,King James Bible,25,faith,0.6473476886749268,4
446,King James Bible,25,faith,0.5673800110816956,27
447,King James Bible,25,faith,0.5089377760887146,0
448,King James Bible,25,faith,0.48767587542533875,29
449,King James Bible,25,faith,0.46708619594573975,30
450,Quran,0,faith,0.3789958357810974,1
451,Quran,1,faith,0.5272790193557739,2
452,Quran,1,faith,0.5232617259025574,3
453,Quran,1,faith,0.4915755093097687,4
454,Quran,1,faith,0.4685961902141571,5
455,Quran,1,faith,0.46306660771369934,6
456,Quran,0,faith,0.37705886363983154,7
457,Quran,7,faith,0.6253417730331421,8
458,Quran,7,faith,0.47045716643333435,9
459,Quran,7,faith,0.46605563163757324,10
460,Quran,7,faith,0.46283578872680664,11
461,Quran,7,faith,0.4589877128601074,12
462,Quran,0,faith,0.37083303928375244,13
463,Quran,13,faith,0.47878265380859375,14
464,Quran,13,faith,0.4536269009113312,15
465,Quran,13,faith,0.4480186104774475,16
466,Quran,13,faith,0.42862439155578613,17
467,Quran,13,faith,0.4071451723575592,18
468,Quran,0,faith,0.3676580786705017,19
469,Quran,19,faith,0.4426156282424927,2
470,Quran,19,faith,0.4277406930923462,21
471,Quran,19,faith,0.42131584882736206,22
472,Quran,19,faith,0.4185689687728882,23
473,Quran,19,faith,0.4102877378463745,24
474,Quran,0,faith,0.36447015404701233,25
475,Quran,25,faith,0.7882192134857178,26
476,Quran,25,faith,0.5122246146202087,27
477,Quran,25,faith,0.4528351426124573,28
478,Quran,25,faith,0.4204816222190857,29
479,Quran,25,faith,0.41776755452156067,30
480,Mahabharata,0,faith,0.4745272397994995,1
481,Mahabharata,1,faith,0.4745272696018219,0
482,Mahabharata,1,faith,0.4649023413658142,3
483,Mahabharata,1,faith,0.44081318378448486,4
484,Mahabharata,1,faith,0.4395517110824585,5
485,Mahabharata,1,faith,0.42853397130966187,6
486,Mahabharata,0,faith,0.4441569149494171,7
487,Mahabharata,7,faith,0.4441570043563843,0
488,Mahabharata,7,faith,0.41924285888671875,9
489,Mahabharata,7,faith,0.4077296853065491,10
490,Mahabharata,7,faith,0.40135857462882996,11
491,Mahabharata,7,faith,0.3907098174095154,12
492,Mahabharata,0,faith,0.43710145354270935,13
493,Mahabharata,13,faith,0.49034377932548523,14
494,Mahabharata,13,faith,0.47009047865867615,15
495,Mahabharata,13,faith,0.44738367199897766,16
496,Mahabharata,13,faith,0.4421996474266052,17
497,Mahabharata,13,faith,0.43710145354270935,0
498,Mahabharata,0,faith,0.43661272525787354,19
499,Mahabharata,19,faith,0.5229619145393372,20
500,Mahabharata,19,faith,0.5116808414459229,21
501,Mahabharata,19,faith,0.4965498447418213,22
502,Mahabharata,19,faith,0.4876437783241272,23
503,Mahabharata,19,faith,0.47778552770614624,24
504,Mahabharata,0,faith,0.4271797239780426,25
505,Mahabharata,25,faith,0.49034377932548523,13
506,Mahabharata,25,faith,0.464277446269989,27
507,Mahabharata,25,faith,0.46226540207862854,28
508,Mahabharata,25,faith,0.45638951659202576,29
509,Mahabharata,25,faith,0.45362696051597595,17
510,Gospel of Buddha,0,evil,0.525659441947937,1
511,Gospel of Buddha,1,evil,0.5256593823432922,0
512,Gospel of Buddha,1,evil,0.494373083114624,3
513,Gospel of Buddha,1,evil,0.4915832281112671,4
514,Gospel of Buddha,1,evil,0.4668360948562622,5
515,Gospel of Buddha,1,evil,0.45003220438957214,6
516,Gospel of Buddha,0,evil,0.4863568842411041,7
517,Gospel of Buddha,7,evil,0.5990698933601379,3
518,Gospel of Buddha,7,evil,0.5783818364143372,9
519,Gospel of Buddha,7,evil,0.5569034814834595,10
520,Gospel of Buddha,7,evil,0.5492751002311707,11
521,Gospel of Buddha,7,evil,0.5264323949813843,12
522,Gospel of Buddha,0,evil,0.39944684505462646,13
523,Gospel of Buddha,13,evil,0.5008659362792969,14
524,Gospel of Buddha,13,evil,0.4374822676181793,15
525,Gospel of Buddha,13,evil,0.42801207304000854,16
526,Gospel of Buddha,13,evil,0.42605161666870117,17
527,Gospel of Buddha,13,evil,0.41981935501098633,18
528,Gospel of Buddha,0,evil,0.3991403579711914,19
529,Gospel of Buddha,19,evil,0.5615601539611816,20
530,Gospel of Buddha,19,evil,0.45712780952453613,21
531,Gospel of Buddha,19,evil,0.4207494854927063,22
532,Gospel of Buddha,19,evil,0.4023256301879883,23
533,Gospel of Buddha,19,evil,0.399140328168869,0
534,Gospel of Buddha,0,evil,0.3897489011287689,25
535,Gospel of Buddha,25,evil,0.4736408591270447,22
536,Gospel of Buddha,25,evil,0.4631783366203308,27
537,Gospel of Buddha,25,evil,0.4303378164768219,28
538,Gospel of Buddha,25,evil,0.42360568046569824,29
539,Gospel of Buddha,25,evil,0.4202004075050354,30
540,Gita,0,evil,0.443010151386261,1
541,Gita,1,evil,0.443010151386261,0
542,Gita,1,evil,0.362534761428833,3
543,Gita,1,evil,0.3337787389755249,4
544,Gita,1,evil,0.32903632521629333,5
545,Gita,1,evil,0.32529062032699585,6
546,Gita,0,evil,0.34046077728271484,7
547,Gita,7,evil,0.6031575202941895,8
548,Gita,7,evil,0.5334155559539795,9
549,Gita,7,evil,0.51060950756073,10
550,Gita,7,evil,0.4986981749534607,11
551,Gita,7,evil,0.46412351727485657,12
552,Gita,0,evil,0.3372823894023895,13
553,Gita,13,evil,0.4582693576812744,14
554,Gita,13,evil,0.44289159774780273,15
555,Gita,13,evil,0.4326556324958801,16
556,Gita,13,evil,0.4303503632545471,17
557,Gita,13,evil,0.4292736053466797,18
558,Gita,0,evil,0.33010250329971313,19
559,Gita,19,evil,0.5229472517967224,20
560,Gita,19,evil,0.5111770629882812,21
561,Gita,19,evil,0.49869826436042786,6
562,Gita,19,evil,0.49721115827560425,23
563,Gita,19,evil,0.4963972568511963,24
564,Gita,0,evil,0.32397887110710144,25
565,Gita,25,evil,0.5084710121154785,26
566,Gita,25,evil,0.4545295238494873,27
567,Gita,25,evil,0.4428916573524475,13
568,Gita,25,evil,0.4303167462348938,29
569,Gita,25,evil,0.4274788200855255,30
570,King James Bible,0,evil,0.6533819437026978,1
571,King James Bible,1,evil,0.6533819437026978,0
572,King James Bible,1,evil,0.496921181678772,3
573,King James Bible,1,evil,0.4499332308769226,4
574,King James Bible,1,evil,0.4490707218647003,5
575,King James Bible,1,evil,0.44054943323135376,6
576,King James Bible,0,evil,0.4797983765602112,7
577,King James Bible,7,evil,0.5300565958023071,8
578,King James Bible,7,evil,0.4797983765602112,0
579,King James Bible,7,evil,0.45339226722717285,10
580,King James Bible,7,evil,0.4406009316444397,11
581,King James Bible,7,evil,0.42876163125038147,12
582,King James Bible,0,evil,0.47714757919311523,13
583,King James Bible,13,evil,0.766305685043335,14
584,King James Bible,13,evil,0.5416769981384277,15
585,King James Bible,13,evil,0.5173075199127197,16
586,King James Bible,13,evil,0.5030259490013123,17
587,King James Bible,13,evil,0.5017130374908447,18
588,King James Bible,0,evil,0.47466063499450684,19
589,King James Bible,19,evil,0.5091854333877563,20
590,King James Bible,19,evil,0.47466063499450684,0
591,King James Bible,19,evil,0.46062806248664856,22
592,King James Bible,19,evil,0.45356613397598267,23
593,King James Bible,19,evil,0.43513381481170654,24
594,King James Bible,0,evil,0.45833030343055725,25
595,King James Bible,25,evil,0.5344504714012146,26
596,King James Bible,25,evil,0.5243787169456482,27
597,King James Bible,25,evil,0.4940817058086395,28
598,King James Bible,25,evil,0.4743647575378418,29
599,King James Bible,25,evil,0.47250914573669434,30
600,Quran,0,evil,0.41672295331954956,1
601,Quran,1,evil,0.5038899183273315,2
602,Quran,1,evil,0.4849305748939514,3
603,Quran,1,evil,0.462573766708374,4
604,Quran,1,evil,0.4529498517513275,5
605,Quran,1,evil,0.44110894203186035,6
606,Quran,0,evil,0.4124123454093933,7
607,Quran,7,evil,0.526179313659668,8
608,Quran,7,evil,0.44599559903144836,9
609,Quran,7,evil,0.4359070658683777,10
610,Quran,7,evil,0.43038007616996765,11
611,Quran,7,evil,0.4282115399837494,12
612,Quran,0,evil,0.40109580755233765,13
613,Quran,13,evil,0.43282535672187805,14
614,Quran,13,evil,0.4203411936759949,15
615,Quran,13,evil,0.40109577775001526,0
616,Quran,13,evil,0.39947229623794556,17
617,Quran,13,evil,0.38899022340774536,18
618,Quran,0,evil,0.3923701047897339,19
619,Quran,19,evil,0.539665699005127,20
620,Quran,19,evil,0.4231191873550415,21
621,Quran,19,evil,0.4048236608505249,22
622,Quran,19,evil,0.39508360624313354,23
623,Quran,19,evil,0.39244532585144043,24
624,Quran,0,evil,0.386976957321167,25
625,Quran,25,evil,0.6347622275352478,26
626,Quran,25,evil,0.5482242107391357,27
627,Quran,25,evil,0.5283297300338745,28
628,Quran,25,evil,0.48359712958335876,29
629,Quran,25,evil,0.4777193069458008,30
630,Mahabharata,0,evil,0.5035509467124939,1
631,Mahabharata,1,evil,0.5035508871078491,0
632,Mahabharata,1,evil,0.46219414472579956,3
633,Mahabharata,1,evil,0.44911760091781616,4
634,Mahabharata,1,evil,0.44584789872169495,5
635,Mahabharata,1,evil,0.4446152448654175,6
636,Mahabharata,0,evil,0.49104076623916626,7
637,Mahabharata,7,evil,0.49164265394210815,8
638,Mahabharata,7,evil,0.4910407066345215,0
639,Mahabharata,7,evil,0.4835570454597473,10
640,Mahabharata,7,evil,0.48281988501548767,11
641,Mahabharata,7,evil,0.4740987718105316,12
642,Mahabharata,0,evil,0.46791383624076843,13
643,Mahabharata,13,evil,0.7129830718040466,14
644,Mahabharata,13,evil,0.6107578277587891,15
645,Mahabharata,13,evil,0.46859607100486755,16
646,Mahabharata,13,evil,0.46791380643844604,0
647,Mahabharata,13,evil,0.4632328152656555,18
648,Mahabharata,0,evil,0.44103866815567017,19
649,Mahabharata,19,evil,0.4809309244155884,20
650,Mahabharata,19,evil,0.4547414779663086,21
651,Mahabharata,19,evil,0.45039281249046326,22
652,Mahabharata,19,evil,0.4410386383533478,0
653,Mahabharata,19,evil,0.43620622158050537,24
654,Mahabharata,0,evil,0.4370388388633728,25
655,Mahabharata,25,evil,0.525404691696167,26
656,Mahabharata,25,evil,0.4742618203163147,27
657,Mahabharata,25,evil,0.4504354000091553,28
658,Mahabharata,25,evil,0.4498692452907562,29
659,Mahabharata,25,evil,0.4430024027824402,30
660,Meditation,0,evil,0.3802037239074707,1
661,Meditation,1,evil,0.5993390083312988,2
662,Meditation,1,evil,0.5517994165420532,3
663,Meditation,1,evil,0.4916157126426697,4
664,Meditation,1,evil,0.4884624481201172,5
665,Meditation,1,evil,0.48052820563316345,6
666,Meditation,0,evil,0.36167722940444946,7
667,Meditation,7,evil,0.41361135244369507,8
668,Meditation,7,evil,0.4114329218864441,9
669,Meditation,7,evil,0.4072686433792114,10
670,Meditation,7,evil,0.38143885135650635,11
671,Meditation,7,evil,0.36167722940444946,0
672,Meditation,0,evil,0.3542230725288391,13
673,Meditation,13,evil,0.4307670593261719,1
674,Meditation,13,evil,0.42991167306900024,15
675,Meditation,13,evil,0.41719767451286316,16
676,Meditation,13,evil,0.3904074430465698,17
677,Meditation,13,evil,0.3844043016433716,18
678,Meditation,0,evil,0.35011225938796997,19
679,Meditation,19,evil,0.5205296874046326,20
680,Meditation,19,evil,0.5025718212127686,21
681,Meditation,19,evil,0.4726632535457611,22
682,Meditation,19,evil,0.4576878547668457,23
683,Meditation,19,evil,0.44135838747024536,24
684,Meditation,0,evil,0.3464968800544739,25
685,Meditation,25,evil,0.4417734146118164,26
686,Meditation,25,evil,0.4258808493614197,27
687,Meditation,25,evil,0.42135879397392273,28
688,Meditation,25,evil,0.41221940517425537,29
689,Meditation,25,evil,0.407392680644989,30
690,King James Bible,0,money,0.580344557762146,1
691,King James Bible,1,money,0.6060211658477783,2
692,King James Bible,1,money,0.580344557762146,0
693,King James Bible,1,money,0.4660749137401581,4
694,King James Bible,1,money,0.4637436866760254,5
695,King James Bible,1,money,0.45821303129196167,6
696,King James Bible,0,money,0.5580629110336304,7
697,King James Bible,7,money,0.5580629110336304,0
698,King James Bible,7,money,0.47999662160873413,9
699,King James Bible,7,money,0.4576377868652344,10
700,King James Bible,7,money,0.45499980449676514,11
701,King James Bible,7,money,0.4474695026874542,12
702,King James Bible,0,money,0.5445656776428223,13
703,King James Bible,13,money,0.6060212254524231,1
704,King James Bible,13,money,0.5445656776428223,0
705,King James Bible,13,money,0.5284801721572876,16
706,King James Bible,13,money,0.5047096610069275,4
707,King James Bible,13,money,0.4748000502586365,18
708,King James Bible,0,money,0.48091965913772583,19
709,King James Bible,19,money,0.57281494140625,20
710,King James Bible,19,money,0.48203912377357483,21
711,King James Bible,19,money,0.481160044670105,22
712,King James Bible,19,money,0.48091965913772583,0
713,King James Bible,19,money,0.42471998929977417,24
714,King James Bible,0,money,0.4630092680454254,25
715,King James Bible,25,money,0.5736633539199829,16
716,King James Bible,25,money,0.5047096610069275,2
717,King James Bible,25,money,0.48739591240882874,28
718,King James Bible,25,money,0.4793211817741394,29
719,King James Bible,25,money,0.47275686264038086,30
720,Quran,0,money,0.4486449062824249,1
721,Quran,1,money,0.46199119091033936,2
722,Quran,1,money,0.4486449062824249,0
723,Quran,1,money,0.4447398781776428,4
724,Quran,1,money,0.4309106469154358,5
725,Quran,1,money,0.42548683285713196,6
726,Quran,0,money,0.4484308362007141,7
727,Quran,7,money,0.4886071979999542,8
728,Quran,7,money,0.472814679145813,9
729,Quran,7,money,0.4484308362007141,0
730,Quran,7,money,0.4320126175880432,11
731,Quran,7,money,0.4089089334011078,12
732,Quran,0,money,0.43667715787887573,13
733,Quran,13,money,0.4967067837715149,14
734,Quran,13,money,0.4914747476577759,15
735,Quran,13,money,0.48923224210739136,16
736,Quran,13,money,0.48604780435562134,17
737,Quran,13,money,0.48598712682724,18
738,Quran,0,money,0.42498114705085754,19
739,Quran,19,money,0.5141977071762085,20
740,Quran,19,money,0.46324875950813293,21
741,Quran,19,money,0.4618462026119232,22
742,Quran,19,money,0.4614405930042267,23
743,Quran,19,money,0.45252588391304016,24
744,Quran,0,money,0.42204248905181885,25
745,Quran,25,money,0.4234921336174011,26
746,Quran,25,money,0.42204248905181885,0
747,Quran,25,money,0.4072166383266449,28
748,Quran,25,money,0.4031890034675598,29
749,Quran,25,money,0.40299996733665466,30
750,Mahabharata,0,money,0.4377422332763672,1
751,Mahabharata,1,money,0.46435800194740295,2
752,Mahabharata,1,money,0.4481826424598694,3
753,Mahabharata,1,money,0.4377422332763672,0
754,Mahabharata,1,money,0.4092267155647278,5
755,Mahabharata,1,money,0.4046592712402344,6
756,Mahabharata,0,money,0.4268891215324402,7
757,Mahabharata,7,money,0.6551135778427124,8
758,Mahabharata,7,money,0.4673630893230438,9
759,Mahabharata,7,money,0.45468056201934814,10
760,Mahabharata,7,money,0.43329814076423645,11
761,Mahabharata,7,money,0.43248599767684937,12
762,Mahabharata,0,money,0.41426658630371094,13
763,Mahabharata,13,money,0.483713299036026,14
764,Mahabharata,13,money,0.44213593006134033,15
765,Mahabharata,13,money,0.43396469950675964,16
766,Mahabharata,13,money,0.42437323927879333,17
767,Mahabharata,13,money,0.41913291811943054,18
768,Mahabharata,0,money,0.4117884039878845,19
769,Mahabharata,19,money,0.5826698541641235,20
770,Mahabharata,19,money,0.5059787034988403,21
771,Mahabharata,19,money,0.4963970482349396,22
772,Mahabharata,19,money,0.4883773922920227,23
773,Mahabharata,19,money,0.48415902256965637,24
774,Mahabharata,0,money,0.4006608724594116,25
775,Mahabharata,25,money,0.5405628085136414,26
776,Mahabharata,25,money,0.4522384703159332,27
777,Mahabharata,25,money,0.4484199583530426,28
778,Mahabharata,25,money,0.443712055683136,29
779,Mahabharata,25,money,0.4334515929222107,30
780,Gospel of Buddha,0,hell,0.5154285430908203,1
781,Gospel of Buddha,1,hell,0.6231387853622437,2
782,Gospel of Buddha,1,hell,0.5981335639953613,3
783,Gospel of Buddha,1,hell,0.539839506149292,4
784,Gospel of Buddha,1,hell,0.5187899470329285,5
785,Gospel of Buddha,1,hell,0.5154286026954651,0
786,Gospel of Buddha,0,hell,0.47759902477264404,7
787,Gospel of Buddha,7,hell,0.47759902477264404,0
788,Gospel of Buddha,7,hell,0.41707730293273926,9
789,Gospel of Buddha,7,hell,0.4138418734073639,10
790,Gospel of Buddha,7,hell,0.41111359000205994,11
791,Gospel of Buddha,7,hell,0.40886104106903076,12
792,Gospel of Buddha,0,hell,0.4547620713710785,13
793,Gospel of Buddha,13,hell,0.789526641368866,14
794,Gospel of Buddha,13,hell,0.6220191717147827,15
795,Gospel of Buddha,13,hell,0.5875714421272278,16
796,Gospel of Buddha,13,hell,0.5828841924667358,17
797,Gospel of Buddha,13,hell,0.5720905065536499,18
798,Gospel of Buddha,0,hell,0.4465451240539551,19
799,Gospel of Buddha,19,hell,0.526175856590271,20
800,Gospel of Buddha,19,hell,0.4939345717430115,21
801,Gospel of Buddha,19,hell,0.4839494228363037,1
802,Gospel of Buddha,19,hell,0.46781864762306213,23
803,Gospel of Buddha,19,hell,0.4631940722465515,24
804,Gospel of Buddha,0,hell,0.4395988881587982,25
805,Gospel of Buddha,25,hell,0.5401453971862793,26
806,Gospel of Buddha,25,hell,0.520776629447937,27
807,Gospel of Buddha,25,hell,0.4995824098587036,28
808,Gospel of Buddha,25,hell,0.4710727035999298,29
809,Gospel of Buddha,25,hell,0.4440177381038666,30
810,King James Bible,0,hell,0.457569420337677,1
811,King James Bible,1,hell,0.45756933093070984,0
812,King James Bible,1,hell,0.4569815993309021,3
813,King James Bible,1,hell,0.4511147737503052,4
814,King James Bible,1,hell,0.4231950044631958,5
815,King James Bible,1,hell,0.4165707230567932,6
816,King James Bible,0,hell,0.4523291289806366,7
817,King James Bible,7,hell,0.5510900020599365,8
818,King James Bible,7,hell,0.515257716178894,9
819,King James Bible,7,hell,0.48650020360946655,10
820,King James Bible,7,hell,0.45232903957366943,0
821,King James Bible,7,hell,0.4520510733127594,12
822,King James Bible,0,hell,0.43465566635131836,13
823,King James Bible,13,hell,0.5406074523925781,14
824,King James Bible,13,hell,0.4824957251548767,15
825,King James Bible,13,hell,0.45408153533935547,16
826,King James Bible,13,hell,0.4490697979927063,17
827,King James Bible,13,hell,0.43465563654899597,0
828,King James Bible,0,hell,0.4308011829853058,19
829,King James Bible,19,hell,0.5118530988693237,20
830,King James Bible,19,hell,0.4548497200012207,21
831,King James Bible,19,hell,0.4374885559082031,22
832,King James Bible,19,hell,0.4308011531829834,0
833,King James Bible,19,hell,0.42967408895492554,24
834,King James Bible,0,hell,0.42419692873954773,25
835,King James Bible,25,hell,0.624315619468689,26
836,King James Bible,25,hell,0.5900341868400574,27
837,King James Bible,25,hell,0.5811450481414795,28
838,King James Bible,25,hell,0.5668907165527344,29
839,King James Bible,25,hell,0.5220654010772705,30
840,Quran,0,hell,0.5009076595306396,1
841,Quran,1,hell,0.6383240222930908,2
842,Quran,1,hell,0.5566937327384949,3
843,Quran,1,hell,0.5363181829452515,4
844,Quran,1,hell,0.5104355812072754,5
845,Quran,1,hell,0.5073950886726379,6
846,Quran,0,hell,0.46290507912635803,7
847,Quran,7,hell,0.540546178817749,3
848,Quran,7,hell,0.4745185971260071,9
849,Quran,7,hell,0.4716168940067291,10
850,Quran,7,hell,0.46648961305618286,11
851,Quran,7,hell,0.4629051685333252,0
852,Quran,0,hell,0.4363848865032196,13
853,Quran,13,hell,0.5566937327384949,1
854,Quran,13,hell,0.540546178817749,7
855,Quran,13,hell,0.5261424779891968,4
856,Quran,13,hell,0.4503772556781769,2
857,Quran,13,hell,0.44581496715545654,18
858,Quran,0,hell,0.4292576313018799,19
859,Quran,19,hell,0.5139663815498352,20
860,Quran,19,hell,0.47598862648010254,21
861,Quran,19,hell,0.4617314040660858,22
862,Quran,19,hell,0.4587232172489166,23
863,Quran,19,hell,0.4548457860946655,1
864,Quran,0,hell,0.4258587062358856,25
865,Quran,25,hell,0.5202956199645996,26
866,Quran,25,hell,0.4492452144622803,27
867,Quran,25,hell,0.44692015647888184,28
868,Quran,25,hell,0.44581496715545654,3
869,Quran,25,hell,0.4380919635295868,30
870,Mahabharata,0,hell,0.484677255153656,1
871,Mahabharata,1,hell,0.5278568267822266,2
872,Mahabharata,1,hell,0.484677255153656,0
873,Mahabharata,1,hell,0.46667736768722534,4
874,Mahabharata,1,hell,0.4301450848579407,5
875,Mahabharata,1,hell,0.4242045283317566,6
876,Mahabharata,0,hell,0.48205137252807617,7
877,Mahabharata,7,hell,0.5026145577430725,8
878,Mahabharata,7,hell,0.48205137252807617,0
879,Mahabharata,7,hell,0.4599500894546509,10
880,Mahabharata,7,hell,0.4520920515060425,11
881,Mahabharata,7,hell,0.44403892755508423,12
882,Mahabharata,0,hell,0.45165324211120605,13
883,Mahabharata,13,hell,0.5555779337882996,14
884,Mahabharata,13,hell,0.5179672241210938,5
885,Mahabharata,13,hell,0.45165324211120605,0
886,Mahabharata,13,hell,0.4499475657939911,17
887,Mahabharata,13,hell,0.4466148614883423,18
888,Mahabharata,0,hell,0.4305295944213867,19
889,Mahabharata,19,hell,0.5086327195167542,20
890,Mahabharata,19,hell,0.462341845035553,21
891,Mahabharata,19,hell,0.4305295944213867,0
892,Mahabharata,19,hell,0.4264301657676697,23
893,Mahabharata,19,hell,0.4150654971599579,24
894,Mahabharata,0,hell,0.4232572615146637,25
895,Mahabharata,25,hell,0.4802384376525879,26
896,Mahabharata,25,hell,0.4714981019496918,27
897,Mahabharata,25,hell,0.4446624517440796,28
898,Mahabharata,25,hell,0.43853050470352173,29
899,Mahabharata,25,hell,0.4333372414112091,30
900,Gospel of Buddha,0,heaven,0.6033205389976501,1
901,Gospel of Buddha,1,heaven,0.736068844795227,2
902,Gospel of Buddha,1,heaven,0.6033334732055664,3
903,Gospel of Buddha,1,heaven,0.6033205986022949,0
904,Gospel of Buddha,1,heaven,0.5359855890274048,5
905,Gospel of Buddha,1,heaven,0.5207406282424927,6
906,Gospel of Buddha,0,heaven,0.45532989501953125,7
907,Gospel of Buddha,7,heaven,0.5744783878326416,8
908,Gospel of Buddha,7,heaven,0.5601528286933899,9
909,Gospel of Buddha,7,heaven,0.5488348007202148,10
910,Gospel of Buddha,7,heaven,0.5283874869346619,11
911,Gospel of Buddha,7,heaven,0.5041207075119019,12
912,Gospel of Buddha,0,heaven,0.4347389340400696,13
913,Gospel of Buddha,13,heaven,0.736068844795227,1
914,Gospel of Buddha,13,heaven,0.470007061958313,15
915,Gospel of Buddha,13,heaven,0.4678427577018738,16
916,Gospel of Buddha,13,heaven,0.45196303725242615,3
917,Gospel of Buddha,13,heaven,0.4471643567085266,18
918,Gospel of Buddha,0,heaven,0.42705410718917847,19
919,Gospel of Buddha,19,heaven,0.5959805250167847,20
920,Gospel of Buddha,19,heaven,0.5794154405593872,21
921,Gospel of Buddha,19,heaven,0.5149016380310059,22
922,Gospel of Buddha,19,heaven,0.4938786029815674,23
923,Gospel of Buddha,19,heaven,0.48207712173461914,24
924,Gospel of Buddha,0,heaven,0.42067641019821167,25
925,Gospel of Buddha,25,heaven,0.4894500970840454,1
926,Gospel of Buddha,25,heaven,0.4810219705104828,27
927,Gospel of Buddha,25,heaven,0.45237624645233154,28
928,Gospel of Buddha,25,heaven,0.4441518187522888,29
929,Gospel of Buddha,25,heaven,0.43959739804267883,30
930,Gita,0,heaven,0.38404473662376404,1
931,Gita,1,heaven,0.4882543683052063,2
932,Gita,1,heaven,0.4565765857696533,3
933,Gita,1,heaven,0.44917774200439453,4
934,Gita,1,heaven,0.4457706809043884,5
935,Gita,1,heaven,0.4442061185836792,6
936,Gita,0,heaven,0.34825700521469116,7
937,Gita,7,heaven,0.6184858083724976,8
938,Gita,7,heaven,0.594448447227478,9
939,Gita,7,heaven,0.5906659960746765,10
940,Gita,7,heaven,0.546955406665802,11
941,Gita,7,heaven,0.5322271585464478,12
942,Gita,0,heaven,0.3346821069717407,13
943,Gita,13,heaven,0.5906660556793213,7
944,Gita,13,heaven,0.5101624727249146,11
945,Gita,13,heaven,0.47872573137283325,16
946,Gita,13,heaven,0.4759180247783661,8
947,Gita,13,heaven,0.4694533348083496,18
948,Gita,0,heaven,0.3283521234989166,19
949,Gita,19,heaven,0.4263426661491394,18
950,Gita,19,heaven,0.4006200134754181,10
951,Gita,19,heaven,0.3654922842979431,22
952,Gita,19,heaven,0.3594157099723816,23
953,Gita,19,heaven,0.35408979654312134,24
954,Gita,0,heaven,0.32076120376586914,25
955,Gita,25,heaven,0.48528748750686646,26
956,Gita,25,heaven,0.47615694999694824,27
957,Gita,25,heaven,0.4750555753707886,28
958,Gita,25,heaven,0.4698338210582733,29
959,Gita,25,heaven,0.4648036062717438,30
960,King James Bible,0,heaven,0.6498345136642456,1
961,King James Bible,1,heaven,0.6580939292907715,2
962,King James Bible,1,heaven,0.6498345136642456,0
963,King James Bible,1,heaven,0.49505162239074707,4
964,King James Bible,1,heaven,0.48956722021102905,5
965,King James Bible,1,heaven,0.4797421097755432,6
966,King James Bible,0,heaven,0.5659239888191223,7
967,King James Bible,7,heaven,0.5659239292144775,0
968,King James Bible,7,heaven,0.5067815780639648,9
969,King James Bible,7,heaven,0.45108354091644287,10
970,King James Bible,7,heaven,0.44342631101608276,11
971,King James Bible,7,heaven,0.4351500868797302,12
972,King James Bible,0,heaven,0.5496271848678589,13
973,King James Bible,13,heaven,0.6580938100814819,1
974,King James Bible,13,heaven,0.5496270656585693,0
975,King James Bible,13,heaven,0.48813772201538086,16
976,King James Bible,13,heaven,0.47956401109695435,17
977,King James Bible,13,heaven,0.4608835279941559,18
978,King James Bible,0,heaven,0.48928505182266235,19
979,King James Bible,19,heaven,0.6117041110992432,20
980,King James Bible,19,heaven,0.5379175543785095,21
981,King James Bible,19,heaven,0.49187421798706055,22
982,King James Bible,19,heaven,0.4892849922180176,0
983,King James Bible,19,heaven,0.4776725172996521,12
984,King James Bible,0,heaven,0.46773219108581543,25
985,King James Bible,25,heaven,0.7066600918769836,26
986,King James Bible,25,heaven,0.6736210584640503,27
987,King James Bible,25,heaven,0.5872948169708252,28
988,King James Bible,25,heaven,0.49051356315612793,29
989,King James Bible,25,heaven,0.48093461990356445,30
990,Quran,0,heaven,0.6177157163619995,1
991,Quran,1,heaven,0.6970276832580566,2
992,Quran,1,heaven,0.6177157759666443,0
993,Quran,1,heaven,0.5229909420013428,4
994,Quran,1,heaven,0.4541401267051697,5
995,Quran,1,heaven,0.4418873190879822,6
996,Quran,0,heaven,0.5428239107131958,7
997,Quran,7,heaven,0.6970275640487671,1
998,Quran,7,heaven,0.542823851108551,0
999,Quran,7,heaven,0.5325260758399963,6
1000,Quran,7,heaven,0.45265859365463257,11
1001,Quran,7,heaven,0.447574645280838,12
1002,Quran,0,heaven,0.41809630393981934,13
1003,Quran,13,heaven,0.6136559247970581,14
1004,Quran,13,heaven,0.5681867003440857,15
1005,Quran,13,heaven,0.5576983690261841,16
1006,Quran,13,heaven,0.5255215764045715,17
1007,Quran,13,heaven,0.491283655166626,18
1008,Quran,0,heaven,0.3967137038707733,19
1009,Quran,19,heaven,0.539879322052002,20
1010,Quran,19,heaven,0.4836196303367615,21
1011,Quran,19,heaven,0.46986064314842224,22
1012,Quran,19,heaven,0.46405723690986633,23
1013,Quran,19,heaven,0.4633246660232544,24
1014,Quran,0,heaven,0.3864395022392273,25
1015,Quran,25,heaven,0.5027819871902466,26
1016,Quran,25,heaven,0.45280924439430237,27
1017,Quran,25,heaven,0.428831547498703,28
1018,Quran,25,heaven,0.42741554975509644,29
1019,Quran,25,heaven,0.4242447316646576,30
1020,Mahabharata,0,heaven,0.5555779337882996,1
1021,Mahabharata,1,heaven,0.5555779337882996,0
1022,Mahabharata,1,heaven,0.43309664726257324,3
1023,Mahabharata,1,heaven,0.4247584939002991,4
1024,Mahabharata,1,heaven,0.42413872480392456,5
1025,Mahabharata,1,heaven,0.4112089276313782,6
1026,Mahabharata,0,heaven,0.5179672241210938,7
1027,Mahabharata,7,heaven,0.5179672241210938,0
1028,Mahabharata,7,heaven,0.4972146153450012,9
1029,Mahabharata,7,heaven,0.4952709376811981,10
1030,Mahabharata,7,heaven,0.4811188876628876,11
1031,Mahabharata,7,heaven,0.470533549785614,12
1032,Mahabharata,0,heaven,0.45165324211120605,13
1033,Mahabharata,13,heaven,0.484677255153656,14
1034,Mahabharata,13,heaven,0.48205137252807617,15
1035,Mahabharata,13,heaven,0.45165324211120605,0
1036,Mahabharata,13,heaven,0.4305295944213867,17
1037,Mahabharata,13,heaven,0.4232572615146637,18
1038,Mahabharata,0,heaven,0.4499475657939911,19
1039,Mahabharata,19,heaven,0.5647134780883789,20
1040,Mahabharata,19,heaven,0.4599781036376953,21
1041,Mahabharata,19,heaven,0.4580932855606079,22
1042,Mahabharata,19,heaven,0.4538363218307495,23
1043,Mahabharata,19,heaven,0.4499475657939911,0
1044,Mahabharata,0,heaven,0.4466148614883423,25
1045,Mahabharata,25,heaven,0.6189892292022705,26
1046,Mahabharata,25,heaven,0.5140867829322815,27
1047,Mahabharata,25,heaven,0.4673091471195221,28
1048,Mahabharata,25,heaven,0.4587065577507019,29
1049,Mahabharata,25,heaven,0.45570504665374756,30
1050,Gospel of Buddha,0,salvation,0.46806639432907104,1
1051,Gospel of Buddha,1,salvation,0.5059868097305298,2
1052,Gospel of Buddha,1,salvation,0.47324541211128235,3
1053,Gospel of Buddha,1,salvation,0.46806636452674866,0
1054,Gospel of Buddha,1,salvation,0.44761282205581665,5
1055,Gospel of Buddha,1,salvation,0.4462401270866394,6
1056,Gospel of Buddha,0,salvation,0.4606868624687195,7
1057,Gospel of Buddha,7,salvation,0.6075303554534912,8
1058,Gospel of Buddha,7,salvation,0.4909732937812805,9
1059,Gospel of Buddha,7,salvation,0.4631783366203308,10
1060,Gospel of Buddha,7,salvation,0.4606868624687195,0
1061,Gospel of Buddha,7,salvation,0.45658260583877563,12
1062,Gospel of Buddha,0,salvation,0.4072083532810211,13
1063,Gospel of Buddha,13,salvation,0.5279413461685181,14
1064,Gospel of Buddha,13,salvation,0.5229427814483643,15
1065,Gospel of Buddha,13,salvation,0.4931113123893738,16
1066,Gospel of Buddha,13,salvation,0.4623320400714874,17
1067,Gospel of Buddha,13,salvation,0.4482574760913849,18
1068,Gospel of Buddha,0,salvation,0.39811384677886963,19
1069,Gospel of Buddha,19,salvation,0.7204627990722656,20
1070,Gospel of Buddha,19,salvation,0.6037800312042236,21
1071,Gospel of Buddha,19,salvation,0.4995715022087097,22
1072,Gospel of Buddha,19,salvation,0.4875298738479614,23
1073,Gospel of Buddha,19,salvation,0.48372524976730347,24
1074,Gospel of Buddha,0,salvation,0.3951803147792816,25
1075,Gospel of Buddha,25,salvation,0.6019470691680908,26
1076,Gospel of Buddha,25,salvation,0.5978206396102905,27
1077,Gospel of Buddha,25,salvation,0.5829653739929199,28
1078,Gospel of Buddha,25,salvation,0.5384599566459656,29
1079,Gospel of Buddha,25,salvation,0.5163291692733765,30
1080,King James Bible,0,salvation,0.5480115413665771,1
1081,King James Bible,1,salvation,0.6357532739639282,2
1082,King James Bible,1,salvation,0.5480115413665771,0
1083,King James Bible,1,salvation,0.5364810824394226,4
1084,King James Bible,1,salvation,0.5090676546096802,5
1085,King James Bible,1,salvation,0.4996721148490906,6
1086,King James Bible,0,salvation,0.5385111570358276,7
1087,King James Bible,7,salvation,0.8204253911972046,8
1088,King James Bible,7,salvation,0.5702905058860779,4
1089,King James Bible,7,salvation,0.5385111570358276,0
1090,King James Bible,7,salvation,0.5160770416259766,11
1091,King James Bible,7,salvation,0.5126218795776367,12
1092,King James Bible,0,salvation,0.5015865564346313,13
1093,King James Bible,13,salvation,0.6080209016799927,14
1094,King James Bible,13,salvation,0.559618353843689,15
1095,King James Bible,13,salvation,0.5015865564346313,0
1096,King James Bible,13,salvation,0.4515705108642578,17
1097,King James Bible,13,salvation,0.4383978843688965,18
1098,King James Bible,0,salvation,0.48530638217926025,19
1099,King James Bible,19,salvation,0.564385712146759,20
1100,King James Bible,19,salvation,0.48530641198158264,0
1101,King James Bible,19,salvation,0.4784030616283417,11
1102,King James Bible,19,salvation,0.477632999420166,23
1103,King James Bible,19,salvation,0.45369473099708557,24
1104,King James Bible,0,salvation,0.4791879653930664,25
1105,King James Bible,25,salvation,0.4791879653930664,0
1106,King James Bible,25,salvation,0.46338358521461487,27
1107,King James Bible,25,salvation,0.4451829195022583,28
1108,King James Bible,25,salvation,0.43392279744148254,29
1109,King James Bible,25,salvation,0.42436373233795166,30
1110,Mahabharata,0,salvation,0.4647485315799713,1
1111,Mahabharata,1,salvation,0.4908324182033539,2
1112,Mahabharata,1,salvation,0.46822887659072876,3
1113,Mahabharata,1,salvation,0.4647486209869385,0
1114,Mahabharata,1,salvation,0.4530683159828186,5
1115,Mahabharata,1,salvation,0.4455551505088806,6
1116,Mahabharata,0,salvation,0.44744065403938293,7
1117,Mahabharata,7,salvation,0.5254046320915222,8
1118,Mahabharata,7,salvation,0.49091482162475586,9
1119,Mahabharata,7,salvation,0.48233920335769653,10
1120,Mahabharata,7,salvation,0.4781172275543213,11
1121,Mahabharata,7,salvation,0.46498769521713257,12
1122,Mahabharata,0,salvation,0.43301063776016235,13
1123,Mahabharata,13,salvation,0.6442080140113831,14
1124,Mahabharata,13,salvation,0.5439868569374084,15
1125,Mahabharata,13,salvation,0.49899059534072876,16
1126,Mahabharata,13,salvation,0.49880677461624146,17
1127,Mahabharata,13,salvation,0.4778885841369629,18
1128,Mahabharata,0,salvation,0.4293145537376404,19
1129,Mahabharata,19,salvation,0.6083733439445496,20
1130,Mahabharata,19,salvation,0.512123703956604,21
1131,Mahabharata,19,salvation,0.49809932708740234,22
1132,Mahabharata,19,salvation,0.46642351150512695,23
1133,Mahabharata,19,salvation,0.46149855852127075,24
1134,Mahabharata,0,salvation,0.4278435707092285,25
1135,Mahabharata,25,salvation,0.4757888615131378,26
1136,Mahabharata,25,salvation,0.46822887659072876,1
1137,Mahabharata,25,salvation,0.45174020528793335,28
1138,Mahabharata,25,salvation,0.4278435707092285,0
1139,Mahabharata,25,salvation,0.42770060896873474,30
1140,Gospel of Buddha,0,hate,0.6618849039077759,1
1141,Gospel of Buddha,1,hate,0.6890942454338074,2
1142,Gospel of Buddha,1,hate,0.6618847846984863,0
1143,Gospel of Buddha,1,hate,0.6262948513031006,4
1144,Gospel of Buddha,1,hate,0.5747330188751221,5
1145,Gospel of Buddha,1,hate,0.5554395914077759,6
1146,Gospel of Buddha,0,hate,0.5178970098495483,7
1147,Gospel of Buddha,7,hate,0.6890943050384521,1
1148,Gospel of Buddha,7,hate,0.5178970098495483,0
1149,Gospel of Buddha,7,hate,0.5118136405944824,10
1150,Gospel of Buddha,7,hate,0.48486825823783875,11
1151,Gospel of Buddha,7,hate,0.47865331172943115,12
1152,Gospel of Buddha,0,hate,0.47536325454711914,13
1153,Gospel of Buddha,13,hate,0.4809223413467407,14
1154,Gospel of Buddha,13,hate,0.47694483399391174,15
1155,Gospel of Buddha,13,hate,0.47536325454711914,0
1156,Gospel of Buddha,13,hate,0.4697348475456238,17
1157,Gospel of Buddha,13,hate,0.44761282205581665,18
1158,Gospel of Buddha,0,hate,0.47044140100479126,19
1159,Gospel of Buddha,19,hate,0.5129770040512085,20
1160,Gospel of Buddha,19,hate,0.50023353099823,21
1161,Gospel of Buddha,19,hate,0.4942411780357361,22
1162,Gospel of Buddha,19,hate,0.47688740491867065,23
1163,Gospel of Buddha,19,hate,0.4737234115600586,24
1164,Gospel of Buddha,0,hate,0.43328043818473816,25
1165,Gospel of Buddha,25,hate,0.6448512077331543,26
1166,Gospel of Buddha,25,hate,0.6376869678497314,27
1167,Gospel of Buddha,25,hate,0.5860903263092041,28
1168,Gospel of Buddha,25,hate,0.5777944326400757,29
1169,Gospel of Buddha,25,hate,0.543769896030426,30
1170,King James Bible,0,hate,0.519750714302063,1
1171,King James Bible,1,hate,0.5197507739067078,0
1172,King James Bible,1,hate,0.5085395574569702,3
1173,King James Bible,1,hate,0.5049017667770386,4
1174,King James Bible,1,hate,0.4765523672103882,5
1175,King James Bible,1,hate,0.47585996985435486,6
1176,King James Bible,0,hate,0.46744823455810547,7
1177,King James Bible,7,hate,0.4750880002975464,8
1178,King James Bible,7,hate,0.46744823455810547,0
1179,King James Bible,7,hate,0.4461018741130829,10
1180,King James Bible,7,hate,0.44069355726242065,11
1181,King James Bible,7,hate,0.4368027150630951,12
1182,King James Bible,0,hate,0.46082445979118347,13
1183,King James Bible,13,hate,0.4705111086368561,14
1184,King James Bible,13,hate,0.46301788091659546,15
1185,King James Bible,13,hate,0.46082448959350586,0
1186,King James Bible,13,hate,0.4438781440258026,17
1187,King James Bible,13,hate,0.43707191944122314,18
1188,King James Bible,0,hate,0.4347758889198303,19
1189,King James Bible,19,hate,0.5583642721176147,20
1190,King James Bible,19,hate,0.5409188270568848,21
1191,King James Bible,19,hate,0.53387451171875,22
1192,King James Bible,19,hate,0.5021433234214783,23
1193,King James Bible,19,hate,0.4890638291835785,24
1194,King James Bible,0,hate,0.4295123815536499,25
1195,King James Bible,25,hate,0.5845661759376526,26
1196,King James Bible,25,hate,0.5185050964355469,27
1197,King James Bible,25,hate,0.5099903345108032,28
1198,King James Bible,25,hate,0.44373732805252075,29
1199,King James Bible,25,hate,0.4295123815536499,0
1200,Meditation,0,hate,0.5474409461021423,1
1201,Meditation,1,hate,0.5474410057067871,0
1202,Meditation,1,hate,0.4306718707084656,3
1203,Meditation,1,hate,0.42919600009918213,4
1204,Meditation,1,hate,0.4037153720855713,5
1205,Meditation,1,hate,0.39568766951560974,6
1206,Meditation,0,hate,0.4823150336742401,7
1207,Meditation,7,hate,0.4823151230812073,0
1208,Meditation,7,hate,0.47269248962402344,9
1209,Meditation,7,hate,0.44192200899124146,10
1210,Meditation,7,hate,0.44066092371940613,11
1211,Meditation,7,hate,0.4315979778766632,12
1212,Meditation,0,hate,0.4620451033115387,13
1213,Meditation,13,hate,0.4667746424674988,14
1214,Meditation,13,hate,0.4620451331138611,0
1215,Meditation,13,hate,0.427446186542511,5
1216,Meditation,13,hate,0.4229869842529297,17
1217,Meditation,13,hate,0.4136194586753845,18
1218,Meditation,0,hate,0.45545822381973267,19
1219,Meditation,19,hate,0.5425653457641602,20
1220,Meditation,19,hate,0.45545822381973267,0
1221,Meditation,19,hate,0.431212842464447,22
1222,Meditation,19,hate,0.4123755693435669,10
1223,Meditation,19,hate,0.39908117055892944,24
1224,Meditation,0,hate,0.4445991814136505,25
1225,Meditation,25,hate,0.4445992410182953,0
1226,Meditation,25,hate,0.42248833179473877,27
1227,Meditation,25,hate,0.42076098918914795,28
1228,Meditation,25,hate,0.39364299178123474,29
1229,Meditation,25,hate,0.3732021450996399,30
